sheet,cell,fill_argb,meaning,value
实验设计,I14,FFFFF2CC,Sniffles2调参：该列最高 F1（源文件 r17 黄色图例）,进行中 / 收尾
工具及参数,N16,FFFFF2CC,Sniffles2调参：该列最高 F1（源文件 r17 黄色图例）,部分确认
工具及参数,M21,FFD9EAD3,Sniffles2调参：综合推荐参数行（源文件 r17 浅绿图例）,部分输出；非重点
工具及参数,M25,FFD9EAD3,Sniffles2调参：综合推荐参数行（源文件 r17 浅绿图例）,结果已汇总
工具及参数,N25,FFFFF2CC,Sniffles2调参：该列最高 F1（源文件 r17 黄色图例）,部分确认
工具及参数,M29,FFFFF2CC,Sniffles2调参：该列最高 F1（源文件 r17 黄色图例）,9/9 + 2 个跨深度验证完成
工具及参数,M42,FFFFF2CC,Sniffles2调参：该列最高 F1（源文件 r17 黄色图例）,部分完成；50x 运行中
工具及参数,M46,FFFFF2CC,Sniffles2调参：该列最高 F1（源文件 r17 黄色图例）,dipcall/SVIM/SyRI 有输出；PAV 运行中
SV-GIAB5.0q,E120,FFD9EAD3,Sniffles2调参：综合推荐参数行（源文件 r17 浅绿图例）,minimap2 - T2T_CHM13
SV-GIAB5.0q,T120,FFD9EAD3,Sniffles2调参：综合推荐参数行（源文件 r17 浅绿图例）,refine
cutesv调参,G35,FFD9EAD3,Sniffles2调参：综合推荐参数行（源文件 r17 浅绿图例）,precision
cutesv调参,H35,FFD9EAD3,Sniffles2调参：综合推荐参数行（源文件 r17 浅绿图例）,recall
cutesv调参,I35,FFD9EAD3,Sniffles2调参：综合推荐参数行（源文件 r17 浅绿图例）,F1
cutesv调参,J35,FFD9EAD3,Sniffles2调参：综合推荐参数行（源文件 r17 浅绿图例）,concordance
cutesv调参,K35,FFD9EAD3,Sniffles2调参：综合推荐参数行（源文件 r17 浅绿图例）,gt-precision
cutesv调参,L35,FFD9EAD3,Sniffles2调参：综合推荐参数行（源文件 r17 浅绿图例）,gt-recall
cutesv调参,M35,FFD9EAD3,Sniffles2调参：综合推荐参数行（源文件 r17 浅绿图例）,gt-F1
cutesv调参,N35,FFD9EAD3,Sniffles2调参：综合推荐参数行（源文件 r17 浅绿图例）,tp-base
cutesv调参,O35,FFD9EAD3,Sniffles2调参：综合推荐参数行（源文件 r17 浅绿图例）,tp-call
cutesv调参,P35,FFD9EAD3,Sniffles2调参：综合推荐参数行（源文件 r17 浅绿图例）,fp
cutesv调参,Q35,FFD9EAD3,Sniffles2调参：综合推荐参数行（源文件 r17 浅绿图例）,fn
cutesv调参,R35,FFD9EAD3,Sniffles2调参：综合推荐参数行（源文件 r17 浅绿图例）,TP-call-TP
cutesv调参,S35,FFD9EAD3,Sniffles2调参：综合推荐参数行（源文件 r17 浅绿图例）,TP-call-FP
cutesv调参,T35,FFD9EAD3,Sniffles2调参：综合推荐参数行（源文件 r17 浅绿图例）,TP-base-TP
cutesv调参,U35,FFD9EAD3,Sniffles2调参：综合推荐参数行（源文件 r17 浅绿图例）,TP-base-FP
cutesv调参,H36,FF5B9BD5,cutesv调参：-q 10 组内该列指标最优（源文件 r200 蓝色图例）,0.7204
cutesv调参,I36,FF5B9BD5,cutesv调参：-q 10 组内该列指标最优（源文件 r200 蓝色图例）,0.8104
cutesv调参,J36,FF5B9BD5,cutesv调参：-q 10 组内该列指标最优（源文件 r200 蓝色图例）,0.7974
cutesv调参,K36,FF5B9BD5,cutesv调参：-q 10 组内该列指标最优（源文件 r200 蓝色图例）,0.7385
cutesv调参,L36,FF5B9BD5,cutesv调参：-q 10 组内该列指标最优（源文件 r200 蓝色图例）,0.502
cutesv调参,M36,FF5B9BD5,cutesv调参：-q 10 组内该列指标最优（源文件 r200 蓝色图例）,0.5977
cutesv调参,N36,FF5B9BD5,cutesv调参：-q 10 组内该列指标最优（源文件 r200 蓝色图例）,20263
cutesv调参,O36,FF5B9BD5,cutesv调参：-q 10 组内该列指标最优（源文件 r200 蓝色图例）,17708
cutesv调参,Q36,FF5B9BD5,cutesv调参：-q 10 组内该列指标最优（源文件 r200 蓝色图例）,7863
cutesv调参,R36,FF5B9BD5,cutesv调参：-q 10 组内该列指标最优（源文件 r200 蓝色图例）,14120
cutesv调参,T36,FF5B9BD5,cutesv调参：-q 10 组内该列指标最优（源文件 r200 蓝色图例）,14120
cutesv调参,V36,FF5B9BD5,cutesv调参：-q 10 组内该列指标最优（源文件 r200 蓝色图例）,23653
cutesv调参,W36,FF5B9BD5,cutesv调参：-q 10 组内该列指标最优（源文件 r200 蓝色图例）,18541
cutesv调参,Y36,FF5B9BD5,cutesv调参：-q 10 组内该列指标最优（源文件 r200 蓝色图例）,4473
cutesv调参,Z36,FF5B9BD5,cutesv调参：-q 10 组内该列指标最优（源文件 r200 蓝色图例）,0.9697
cutesv调参,AA36,FF5B9BD5,cutesv调参：-q 10 组内该列指标最优（源文件 r200 蓝色图例）,0.841
cutesv调参,AB36,FF5B9BD5,cutesv调参：-q 10 组内该列指标最优（源文件 r200 蓝色图例）,0.9007
cutesv调参,G90,FF5B9BD5,cutesv调参：-q 10 组内该列指标最优（源文件 r200 蓝色图例）,0.9288
cutesv调参,P90,FF5B9BD5,cutesv调参：-q 10 组内该列指标最优（源文件 r200 蓝色图例）,1329
cutesv调参,X90,FF5B9BD5,cutesv调参：-q 10 组内该列指标最优（源文件 r200 蓝色图例）,571
cutesv调参,S96,FF5B9BD5,cutesv调参：-q 10 组内该列指标最优（源文件 r200 蓝色图例）,3426
cutesv调参,U96,FF5B9BD5,cutesv调参：-q 10 组内该列指标最优（源文件 r200 蓝色图例）,5885
cutesv调参,H117,FFF4B183,cutesv调参：-q 20 组内该列指标最优（源文件 r201 橙色图例）,0.7191
cutesv调参,I117,FFF4B183,cutesv调参：-q 20 组内该列指标最优（源文件 r201 橙色图例）,0.8098
cutesv调参,J117,FFF4B183,cutesv调参：-q 20 组内该列指标最优（源文件 r201 橙色图例）,0.7974
cutesv调参,K117,FFF4B183,cutesv调参：-q 20 组内该列指标最优（源文件 r201 橙色图例）,0.7389
cutesv调参,L117,FFF4B183,cutesv调参：-q 20 组内该列指标最优（源文件 r201 橙色图例）,0.5009
cutesv调参,M117,FFF4B183,cutesv调参：-q 20 组内该列指标最优（源文件 r201 橙色图例）,0.5971
cutesv调参,N117,FFF4B183,cutesv调参：-q 20 组内该列指标最优（源文件 r201 橙色图例）,20225
cutesv调参,O117,FFF4B183,cutesv调参：-q 20 组内该列指标最优（源文件 r201 橙色图例）,17668
cutesv调参,Q117,FFF4B183,cutesv调参：-q 20 组内该列指标最优（源文件 r201 橙色图例）,7901
cutesv调参,R117,FFF4B183,cutesv调参：-q 20 组内该列指标最优（源文件 r201 橙色图例）,14089
cutesv调参,T117,FFF4B183,cutesv调参：-q 20 组内该列指标最优（源文件 r201 橙色图例）,14089
cutesv调参,V117,FFF4B183,cutesv调参：-q 20 组内该列指标最优（源文件 r201 橙色图例）,23613
cutesv调参,W117,FFF4B183,cutesv调参：-q 20 组内该列指标最优（源文件 r201 橙色图例）,18500
cutesv调参,Y117,FFF4B183,cutesv调参：-q 20 组内该列指标最优（源文件 r201 橙色图例）,4513
cutesv调参,Z117,FFF4B183,cutesv调参：-q 20 组内该列指标最优（源文件 r201 橙色图例）,0.9702
cutesv调参,AA117,FFF4B183,cutesv调参：-q 20 组内该列指标最优（源文件 r201 橙色图例）,0.8395
cutesv调参,AB117,FFF4B183,cutesv调参：-q 20 组内该列指标最优（源文件 r201 橙色图例）,0.9002
cutesv调参,G171,FFF4B183,cutesv调参：-q 20 组内该列指标最优（源文件 r201 橙色图例）,0.9294
cutesv调参,P171,FFF4B183,cutesv调参：-q 20 组内该列指标最优（源文件 r201 橙色图例）,1314
cutesv调参,X171,FFF4B183,cutesv调参：-q 20 组内该列指标最优（源文件 r201 橙色图例）,559
cutesv调参,S177,FFF4B183,cutesv调参：-q 20 组内该列指标最优（源文件 r201 橙色图例）,3419
cutesv调参,U177,FFF4B183,cutesv调参：-q 20 组内该列指标最优（源文件 r201 橙色图例）,5877
cutesv调参(结果),D2,FFFFF2CC,Sniffles2调参：该列最高 F1（源文件 r17 黄色图例）,cuteSV 参数
cutesv调参(结果),AA2,FFD9EAD3,Sniffles2调参：综合推荐参数行（源文件 r17 浅绿图例）,refine
cutesv调参(结果),N4,FFF4B183,cutesv调参：-q 20 组内该列指标最优（源文件 r201 橙色图例）,0.8179
cutesv调参(结果),AG4,FFF4B183,cutesv调参：-q 20 组内该列指标最优（源文件 r201 橙色图例）,0.91
cutesv调参(结果),G8,FFFFF2CC,Sniffles2调参：该列最高 F1（源文件 r17 黄色图例）,cuteSV 参数
cutesv调参(结果),AB8,FFD9EAD3,Sniffles2调参：综合推荐参数行（源文件 r17 浅绿图例）,refine
cutesv调参(结果),O11,FFF4B183,cutesv调参：-q 20 组内该列指标最优（源文件 r201 橙色图例）,0.8179
cutesv调参(结果),AH11,FFF4B183,cutesv调参：-q 20 组内该列指标最优（源文件 r201 橙色图例）,0.91
cutesv调参(结果),F17,FFFFF2CC,Sniffles2调参：该列最高 F1（源文件 r17 黄色图例）,ratio_linked
cutesv调参(结果),F18,FFFFF2CC,Sniffles2调参：该列最高 F1（源文件 r17 黄色图例）,ratio_linked
cutesv调参(结果),F23,FFD9EAD3,Sniffles2调参：综合推荐参数行（源文件 r17 浅绿图例）,mapq_sensitivity
Sniffles2调参,C4,FFD9EAD3,Sniffles2调参：综合推荐参数行（源文件 r17 浅绿图例）,--minsupport auto --minsupport-auto-mult 0.10 --mapq 10
Sniffles2调参,B11,FFD9EAD3,Sniffles2调参：综合推荐参数行（源文件 r17 浅绿图例）,0.0051
Sniffles2调参,D11,FFD9EAD3,Sniffles2调参：综合推荐参数行（源文件 r17 浅绿图例）,0.0032
Sniffles2调参,B12,FFD9EAD3,Sniffles2调参：综合推荐参数行（源文件 r17 浅绿图例）,0.0006
Sniffles2调参,C12,FFD9EAD3,Sniffles2调参：综合推荐参数行（源文件 r17 浅绿图例）,0.0001
Sniffles2调参,D12,FFD9EAD3,Sniffles2调参：综合推荐参数行（源文件 r17 浅绿图例）,0.0057
Sniffles2调参,B13,FFD9EAD3,Sniffles2调参：综合推荐参数行（源文件 r17 浅绿图例）,0.0009
Sniffles2调参,C13,FFD9EAD3,Sniffles2调参：综合推荐参数行（源文件 r17 浅绿图例）,0.0009
Sniffles2调参,D13,FFD9EAD3,Sniffles2调参：综合推荐参数行（源文件 r17 浅绿图例）,0.0028
Sniffles2调参,E17,FFD9EAD3,Sniffles2调参：综合推荐参数行（源文件 r17 浅绿图例）,浅绿：综合推荐参数
Sniffles2调参,H23,FFD9EAD3,Sniffles2调参：综合推荐参数行（源文件 r17 浅绿图例）,综合推荐
Sniffles2调参,G38,FFD9EAD3,Sniffles2调参：综合推荐参数行（源文件 r17 浅绿图例）,10
Sniffles2调参,M38,FFD9EAD3,Sniffles2调参：综合推荐参数行（源文件 r17 浅绿图例）,0.0051
Sniffles2调参,O38,FFD9EAD3,Sniffles2调参：综合推荐参数行（源文件 r17 浅绿图例）,0.0032
Sniffles2调参,G40,FFD9EAD3,Sniffles2调参：综合推荐参数行（源文件 r17 浅绿图例）,10
Sniffles2调参,M40,FFD9EAD3,Sniffles2调参：综合推荐参数行（源文件 r17 浅绿图例）,0.0006
Sniffles2调参,N40,FFD9EAD3,Sniffles2调参：综合推荐参数行（源文件 r17 浅绿图例）,0.0001
Sniffles2调参,O40,FFD9EAD3,Sniffles2调参：综合推荐参数行（源文件 r17 浅绿图例）,0.0057
Sniffles2调参,G42,FFD9EAD3,Sniffles2调参：综合推荐参数行（源文件 r17 浅绿图例）,10
Sniffles2调参,M42,FFD9EAD3,Sniffles2调参：综合推荐参数行（源文件 r17 浅绿图例）,0.0009
Sniffles2调参,N42,FFD9EAD3,Sniffles2调参：综合推荐参数行（源文件 r17 浅绿图例）,0.0009
Sniffles2调参,O42,FFD9EAD3,Sniffles2调参：综合推荐参数行（源文件 r17 浅绿图例）,0.0028
ME（移动元件插入）结果,L2,FFFFF2CC,Sniffles2调参：该列最高 F1（源文件 r17 黄色图例）,completed; old .failed flag
ME（移动元件插入）结果,L4,FFFFF2CC,Sniffles2调参：该列最高 F1（源文件 r17 黄色图例）,completed; old .failed flag
ME（移动元件插入）结果,L6,FFFFF2CC,Sniffles2调参：该列最高 F1（源文件 r17 黄色图例）,completed; old .failed flag
