source_table,platform,depth_x,reference,aligner,min_support,mapq,ins_bias,ins_ratio,del_bias,del_ratio,raw_precision,raw_recall,raw_f1,refine_precision,refine_recall,refine_f1,source_workbook,source_sheet,source_row,order,run_id,parameter_group,parameter_set,precision,recall,f1,benchmark_label_in_workbook,total_calls,auto_multiplier,cmrg_precision,cmrg_recall,cmrg_f1
cutesv_round1_fullfactor.csv,BGI,50,GRCh38,minimap2,10,10,100,0.3,100,0.3,0.9261,0.7204,0.8104,0.9697,0.841,0.9007,最新数据评测.xlsx,cutesv调参,36,NA,NA,NA,NA,NA,NA,NA,NA,NA,NA,NA,NA,NA
cutesv_round1_fullfactor.csv,BGI,50,GRCh38,minimap2,10,10,100,0.3,100,0.5,0.9212,0.7163,0.8059,0.967,0.8371,0.8974,最新数据评测.xlsx,cutesv调参,37,NA,NA,NA,NA,NA,NA,NA,NA,NA,NA,NA,NA,NA
cutesv_round1_fullfactor.csv,BGI,50,GRCh38,minimap2,10,10,100,0.3,100,0.9,0.914,0.7099,0.7991,0.9636,0.8334,0.8938,最新数据评测.xlsx,cutesv调参,38,NA,NA,NA,NA,NA,NA,NA,NA,NA,NA,NA,NA,NA
cutesv_round1_fullfactor.csv,BGI,50,GRCh38,minimap2,10,10,100,0.3,500,0.3,0.9072,0.6975,0.7886,0.9457,0.8257,0.8816,最新数据评测.xlsx,cutesv调参,39,NA,NA,NA,NA,NA,NA,NA,NA,NA,NA,NA,NA,NA
cutesv_round1_fullfactor.csv,BGI,50,GRCh38,minimap2,10,10,100,0.3,500,0.5,0.8628,0.6887,0.766,0.9025,0.8175,0.8579,最新数据评测.xlsx,cutesv调参,40,NA,NA,NA,NA,NA,NA,NA,NA,NA,NA,NA,NA,NA
cutesv_round1_fullfactor.csv,BGI,50,GRCh38,minimap2,10,10,100,0.3,500,0.9,0.7741,0.6779,0.7228,0.8177,0.8131,0.8154,最新数据评测.xlsx,cutesv调参,41,NA,NA,NA,NA,NA,NA,NA,NA,NA,NA,NA,NA,NA
cutesv_round1_fullfactor.csv,BGI,50,GRCh38,minimap2,10,10,100,0.3,1000,0.3,0.8471,0.6467,0.7334,0.8902,0.7826,0.8329,最新数据评测.xlsx,cutesv调参,42,NA,NA,NA,NA,NA,NA,NA,NA,NA,NA,NA,NA,NA
cutesv_round1_fullfactor.csv,BGI,50,GRCh38,minimap2,10,10,100,0.3,1000,0.5,0.7682,0.6277,0.6909,0.8129,0.7651,0.7883,最新数据评测.xlsx,cutesv调参,43,NA,NA,NA,NA,NA,NA,NA,NA,NA,NA,NA,NA,NA
cutesv_round1_fullfactor.csv,BGI,50,GRCh38,minimap2,10,10,100,0.3,1000,0.9,0.6292,0.6061,0.6174,0.6755,0.7484,0.7101,最新数据评测.xlsx,cutesv调参,44,NA,NA,NA,NA,NA,NA,NA,NA,NA,NA,NA,NA,NA
cutesv_round1_fullfactor.csv,BGI,50,GRCh38,minimap2,10,10,100,0.5,100,0.3,0.9221,0.7126,0.8039,0.9678,0.8361,0.8971,最新数据评测.xlsx,cutesv调参,45,NA,NA,NA,NA,NA,NA,NA,NA,NA,NA,NA,NA,NA
cutesv_round1_fullfactor.csv,BGI,50,GRCh38,minimap2,10,10,100,0.5,100,0.5,0.917,0.7084,0.7993,0.9653,0.8318,0.8936,最新数据评测.xlsx,cutesv调参,46,NA,NA,NA,NA,NA,NA,NA,NA,NA,NA,NA,NA,NA
cutesv_round1_fullfactor.csv,BGI,50,GRCh38,minimap2,10,10,100,0.5,100,0.9,0.9097,0.702,0.7925,0.9614,0.8279,0.8897,最新数据评测.xlsx,cutesv调参,47,NA,NA,NA,NA,NA,NA,NA,NA,NA,NA,NA,NA,NA
cutesv_round1_fullfactor.csv,BGI,50,GRCh38,minimap2,10,10,100,0.5,500,0.3,0.9027,0.6896,0.7819,0.9433,0.8213,0.8781,最新数据评测.xlsx,cutesv调参,48,NA,NA,NA,NA,NA,NA,NA,NA,NA,NA,NA,NA,NA
cutesv_round1_fullfactor.csv,BGI,50,GRCh38,minimap2,10,10,100,0.5,500,0.5,0.8579,0.6808,0.7592,0.9001,0.8132,0.8545,最新数据评测.xlsx,cutesv调参,49,NA,NA,NA,NA,NA,NA,NA,NA,NA,NA,NA,NA,NA
cutesv_round1_fullfactor.csv,BGI,50,GRCh38,minimap2,10,10,100,0.5,500,0.9,0.7684,0.67,0.7159,0.8135,0.8067,0.81,最新数据评测.xlsx,cutesv调参,50,NA,NA,NA,NA,NA,NA,NA,NA,NA,NA,NA,NA,NA
cutesv_round1_fullfactor.csv,BGI,50,GRCh38,minimap2,10,10,100,0.5,1000,0.3,0.8417,0.6388,0.7264,0.8866,0.7763,0.8277,最新数据评测.xlsx,cutesv调参,51,NA,NA,NA,NA,NA,NA,NA,NA,NA,NA,NA,NA,NA
cutesv_round1_fullfactor.csv,BGI,50,GRCh38,minimap2,10,10,100,0.5,1000,0.5,0.762,0.6199,0.6836,0.8086,0.7595,0.7833,最新数据评测.xlsx,cutesv调参,52,NA,NA,NA,NA,NA,NA,NA,NA,NA,NA,NA,NA,NA
cutesv_round1_fullfactor.csv,BGI,50,GRCh38,minimap2,10,10,100,0.5,1000,0.9,0.6222,0.5982,0.61,0.6699,0.7433,0.7047,最新数据评测.xlsx,cutesv调参,53,NA,NA,NA,NA,NA,NA,NA,NA,NA,NA,NA,NA,NA
cutesv_round1_fullfactor.csv,BGI,50,GRCh38,minimap2,10,10,100,0.9,100,0.3,0.9129,0.699,0.7917,0.9624,0.8297,0.8911,最新数据评测.xlsx,cutesv调参,54,NA,NA,NA,NA,NA,NA,NA,NA,NA,NA,NA,NA,NA
cutesv_round1_fullfactor.csv,BGI,50,GRCh38,minimap2,10,10,100,0.9,100,0.5,0.9077,0.6948,0.7871,0.9595,0.8255,0.8874,最新数据评测.xlsx,cutesv调参,55,NA,NA,NA,NA,NA,NA,NA,NA,NA,NA,NA,NA,NA
cutesv_round1_fullfactor.csv,BGI,50,GRCh38,minimap2,10,10,100,0.9,100,0.9,0.9002,0.6884,0.7802,0.9568,0.8228,0.8847,最新数据评测.xlsx,cutesv调参,56,NA,NA,NA,NA,NA,NA,NA,NA,NA,NA,NA,NA,NA
cutesv_round1_fullfactor.csv,BGI,50,GRCh38,minimap2,10,10,100,0.9,500,0.3,0.8931,0.676,0.7695,0.9374,0.8139,0.8713,最新数据评测.xlsx,cutesv调参,57,NA,NA,NA,NA,NA,NA,NA,NA,NA,NA,NA,NA,NA
cutesv_round1_fullfactor.csv,BGI,50,GRCh38,minimap2,10,10,100,0.9,500,0.5,0.8479,0.6672,0.7468,0.8939,0.8061,0.8478,最新数据评测.xlsx,cutesv调参,58,NA,NA,NA,NA,NA,NA,NA,NA,NA,NA,NA,NA,NA
cutesv_round1_fullfactor.csv,BGI,50,GRCh38,minimap2,10,10,100,0.9,500,0.9,0.7581,0.6564,0.7036,0.8067,0.7998,0.8032,最新数据评测.xlsx,cutesv调参,59,NA,NA,NA,NA,NA,NA,NA,NA,NA,NA,NA,NA,NA
cutesv_round1_fullfactor.csv,BGI,50,GRCh38,minimap2,10,10,100,0.9,1000,0.3,0.831,0.6252,0.7136,0.8801,0.7705,0.8217,最新数据评测.xlsx,cutesv调参,60,NA,NA,NA,NA,NA,NA,NA,NA,NA,NA,NA,NA,NA
cutesv_round1_fullfactor.csv,BGI,50,GRCh38,minimap2,10,10,100,0.9,1000,0.5,0.7508,0.6063,0.6708,0.8012,0.7529,0.7763,最新数据评测.xlsx,cutesv调参,61,NA,NA,NA,NA,NA,NA,NA,NA,NA,NA,NA,NA,NA
cutesv_round1_fullfactor.csv,BGI,50,GRCh38,minimap2,10,10,100,0.9,1000,0.9,0.611,0.5846,0.5975,0.6616,0.7359,0.6967,最新数据评测.xlsx,cutesv调参,62,NA,NA,NA,NA,NA,NA,NA,NA,NA,NA,NA,NA,NA
cutesv_round1_fullfactor.csv,BGI,50,GRCh38,minimap2,10,10,500,0.3,100,0.3,0.9287,0.7105,0.8051,0.9695,0.8365,0.8981,最新数据评测.xlsx,cutesv调参,63,NA,NA,NA,NA,NA,NA,NA,NA,NA,NA,NA,NA,NA
cutesv_round1_fullfactor.csv,BGI,50,GRCh38,minimap2,10,10,500,0.3,100,0.5,0.9237,0.7063,0.8005,0.9669,0.8324,0.8946,最新数据评测.xlsx,cutesv调参,64,NA,NA,NA,NA,NA,NA,NA,NA,NA,NA,NA,NA,NA
cutesv_round1_fullfactor.csv,BGI,50,GRCh38,minimap2,10,10,500,0.3,100,0.9,0.9164,0.6999,0.7936,0.9635,0.8289,0.8911,最新数据评测.xlsx,cutesv调参,65,NA,NA,NA,NA,NA,NA,NA,NA,NA,NA,NA,NA,NA
cutesv_round1_fullfactor.csv,BGI,50,GRCh38,minimap2,10,10,500,0.3,500,0.3,0.9094,0.6875,0.7831,0.9451,0.8237,0.8802,最新数据评测.xlsx,cutesv调参,66,NA,NA,NA,NA,NA,NA,NA,NA,NA,NA,NA,NA,NA
cutesv_round1_fullfactor.csv,BGI,50,GRCh38,minimap2,10,10,500,0.3,500,0.5,0.8641,0.6787,0.7603,0.9008,0.8153,0.8559,最新数据评测.xlsx,cutesv调参,67,NA,NA,NA,NA,NA,NA,NA,NA,NA,NA,NA,NA,NA
cutesv_round1_fullfactor.csv,BGI,50,GRCh38,minimap2,10,10,500,0.3,500,0.9,0.7737,0.6679,0.7169,0.8142,0.8092,0.8117,最新数据评测.xlsx,cutesv调参,68,NA,NA,NA,NA,NA,NA,NA,NA,NA,NA,NA,NA,NA
cutesv_round1_fullfactor.csv,BGI,50,GRCh38,minimap2,10,10,500,0.3,1000,0.3,0.8481,0.6367,0.7274,0.8879,0.7787,0.8297,最新数据评测.xlsx,cutesv调参,69,NA,NA,NA,NA,NA,NA,NA,NA,NA,NA,NA,NA,NA
cutesv_round1_fullfactor.csv,BGI,50,GRCh38,minimap2,10,10,500,0.3,1000,0.5,0.7677,0.6177,0.6846,0.8095,0.7622,0.7852,最新数据评测.xlsx,cutesv调参,70,NA,NA,NA,NA,NA,NA,NA,NA,NA,NA,NA,NA,NA
cutesv_round1_fullfactor.csv,BGI,50,GRCh38,minimap2,10,10,500,0.3,1000,0.9,0.6264,0.5961,0.6109,0.6706,0.7447,0.7057,最新数据评测.xlsx,cutesv调参,71,NA,NA,NA,NA,NA,NA,NA,NA,NA,NA,NA,NA,NA
cutesv_round1_fullfactor.csv,BGI,50,GRCh38,minimap2,10,10,500,0.5,100,0.3,0.92490000000000006,0.7005,0.7972,0.9674,0.8301,0.8935,最新数据评测.xlsx,cutesv调参,72,NA,NA,NA,NA,NA,NA,NA,NA,NA,NA,NA,NA,NA
cutesv_round1_fullfactor.csv,BGI,50,GRCh38,minimap2,10,10,500,0.5,100,0.5,0.9198,0.6963,0.7926,0.9646,0.8268,0.8904,最新数据评测.xlsx,cutesv调参,73,NA,NA,NA,NA,NA,NA,NA,NA,NA,NA,NA,NA,NA
cutesv_round1_fullfactor.csv,BGI,50,GRCh38,minimap2,10,10,500,0.5,100,0.9,0.9123,0.6899,0.7857,0.9603,0.8206,0.885,最新数据评测.xlsx,cutesv调参,74,NA,NA,NA,NA,NA,NA,NA,NA,NA,NA,NA,NA,NA
cutesv_round1_fullfactor.csv,BGI,50,GRCh38,minimap2,10,10,500,0.5,500,0.3,0.9052,0.6775,0.775,0.9421,0.8161,0.8746,最新数据评测.xlsx,cutesv调参,75,NA,NA,NA,NA,NA,NA,NA,NA,NA,NA,NA,NA,NA
cutesv_round1_fullfactor.csv,BGI,50,GRCh38,minimap2,10,10,500,0.5,500,0.5,0.8592,0.6687,0.7521,0.8973,0.8081,0.8504,最新数据评测.xlsx,cutesv调参,76,NA,NA,NA,NA,NA,NA,NA,NA,NA,NA,NA,NA,NA
cutesv_round1_fullfactor.csv,BGI,50,GRCh38,minimap2,10,10,500,0.5,500,0.9,0.7678,0.6579,0.7086,0.81,0.802,0.806,最新数据评测.xlsx,cutesv调参,77,NA,NA,NA,NA,NA,NA,NA,NA,NA,NA,NA,NA,NA
cutesv_round1_fullfactor.csv,BGI,50,GRCh38,minimap2,10,10,500,0.5,1000,0.3,0.8427,0.6267,0.7188,0.884,0.7729,0.8247,最新数据评测.xlsx,cutesv调参,78,NA,NA,NA,NA,NA,NA,NA,NA,NA,NA,NA,NA,NA
cutesv_round1_fullfactor.csv,BGI,50,GRCh38,minimap2,10,10,500,0.5,1000,0.5,0.7612,0.6078,0.6759,0.8045,0.7563,0.7797,最新数据评测.xlsx,cutesv调参,79,NA,NA,NA,NA,NA,NA,NA,NA,NA,NA,NA,NA,NA
cutesv_round1_fullfactor.csv,BGI,50,GRCh38,minimap2,10,10,500,0.5,1000,0.9,0.6189,0.5861,0.602,0.6638,0.7383,0.6991,最新数据评测.xlsx,cutesv调参,80,NA,NA,NA,NA,NA,NA,NA,NA,NA,NA,NA,NA,NA
cutesv_round1_fullfactor.csv,BGI,50,GRCh38,minimap2,10,10,500,0.9,100,0.3,0.9163,0.6851,0.784,0.9619,0.8211,0.8859,最新数据评测.xlsx,cutesv调参,81,NA,NA,NA,NA,NA,NA,NA,NA,NA,NA,NA,NA,NA
cutesv_round1_fullfactor.csv,BGI,50,GRCh38,minimap2,10,10,500,0.9,100,0.5,0.911,0.6809,0.7793,0.9592,0.8179,0.8829,最新数据评测.xlsx,cutesv调参,82,NA,NA,NA,NA,NA,NA,NA,NA,NA,NA,NA,NA,NA
cutesv_round1_fullfactor.csv,BGI,50,GRCh38,minimap2,10,10,500,0.9,100,0.9,0.9034,0.6745,0.7723,0.9549,0.8111,0.8772,最新数据评测.xlsx,cutesv调参,83,NA,NA,NA,NA,NA,NA,NA,NA,NA,NA,NA,NA,NA
cutesv_round1_fullfactor.csv,BGI,50,GRCh38,minimap2,10,10,500,0.9,500,0.3,0.8961,0.6621,0.7615,0.9359,0.8062,0.8662,最新数据评测.xlsx,cutesv调参,84,NA,NA,NA,NA,NA,NA,NA,NA,NA,NA,NA,NA,NA
cutesv_round1_fullfactor.csv,BGI,50,GRCh38,minimap2,10,10,500,0.9,500,0.5,0.8496,0.6533,0.7386,0.8903,0.7978,0.8415,最新数据评测.xlsx,cutesv调参,85,NA,NA,NA,NA,NA,NA,NA,NA,NA,NA,NA,NA,NA
cutesv_round1_fullfactor.csv,BGI,50,GRCh38,minimap2,10,10,500,0.9,500,0.9,0.7575,0.6425,0.6953,0.8021,0.7913,0.7967,最新数据评测.xlsx,cutesv调参,86,NA,NA,NA,NA,NA,NA,NA,NA,NA,NA,NA,NA,NA
cutesv_round1_fullfactor.csv,BGI,50,GRCh38,minimap2,10,10,500,0.9,1000,0.3,0.8323,0.6113,0.7049,0.8764,0.764,0.8163,最新数据评测.xlsx,cutesv调参,87,NA,NA,NA,NA,NA,NA,NA,NA,NA,NA,NA,NA,NA
cutesv_round1_fullfactor.csv,BGI,50,GRCh38,minimap2,10,10,500,0.9,1000,0.5,0.75,0.5924,0.6619,0.7955,0.746,0.77,最新数据评测.xlsx,cutesv调参,88,NA,NA,NA,NA,NA,NA,NA,NA,NA,NA,NA,NA,NA
cutesv_round1_fullfactor.csv,BGI,50,GRCh38,minimap2,10,10,500,0.9,1000,0.9,0.6073,0.5707,0.5884,0.6538,0.7268,0.6884,最新数据评测.xlsx,cutesv调参,89,NA,NA,NA,NA,NA,NA,NA,NA,NA,NA,NA,NA,NA
cutesv_round1_fullfactor.csv,BGI,50,GRCh38,minimap2,10,10,1000,0.3,100,0.3,0.9288,0.7072,0.803,0.9694,0.8355,0.8975,最新数据评测.xlsx,cutesv调参,90,NA,NA,NA,NA,NA,NA,NA,NA,NA,NA,NA,NA,NA
cutesv_round1_fullfactor.csv,BGI,50,GRCh38,minimap2,10,10,1000,0.3,100,0.5,0.9237,0.703,0.7984,0.9668,0.832,0.8944,最新数据评测.xlsx,cutesv调参,91,NA,NA,NA,NA,NA,NA,NA,NA,NA,NA,NA,NA,NA
cutesv_round1_fullfactor.csv,BGI,50,GRCh38,minimap2,10,10,1000,0.3,100,0.9,0.9164,0.6966,0.7915,0.963,0.828,0.8904,最新数据评测.xlsx,cutesv调参,92,NA,NA,NA,NA,NA,NA,NA,NA,NA,NA,NA,NA,NA
cutesv_round1_fullfactor.csv,BGI,50,GRCh38,minimap2,10,10,1000,0.3,500,0.3,0.9094,0.6843,0.7809,0.9445,0.8225,0.8793,最新数据评测.xlsx,cutesv调参,93,NA,NA,NA,NA,NA,NA,NA,NA,NA,NA,NA,NA,NA
cutesv_round1_fullfactor.csv,BGI,50,GRCh38,minimap2,10,10,1000,0.3,500,0.5,0.8639,0.6755,0.7581,0.9,0.8133,0.8544,最新数据评测.xlsx,cutesv调参,94,NA,NA,NA,NA,NA,NA,NA,NA,NA,NA,NA,NA,NA
cutesv_round1_fullfactor.csv,BGI,50,GRCh38,minimap2,10,10,1000,0.3,500,0.9,0.7731,0.6647,0.7148,0.8136,0.808,0.8108,最新数据评测.xlsx,cutesv调参,95,NA,NA,NA,NA,NA,NA,NA,NA,NA,NA,NA,NA,NA
cutesv_round1_fullfactor.csv,BGI,50,GRCh38,minimap2,10,10,1000,0.3,1000,0.3,0.8478,0.6335,0.7251,0.8876,0.7792,0.8299,最新数据评测.xlsx,cutesv调参,96,NA,NA,NA,NA,NA,NA,NA,NA,NA,NA,NA,NA,NA
cutesv_round1_fullfactor.csv,BGI,50,GRCh38,minimap2,10,10,1000,0.3,1000,0.5,0.767,0.6145,0.6823,0.8087,0.7616,0.7844,最新数据评测.xlsx,cutesv调参,97,NA,NA,NA,NA,NA,NA,NA,NA,NA,NA,NA,NA,NA
cutesv_round1_fullfactor.csv,BGI,50,GRCh38,minimap2,10,10,1000,0.3,1000,0.9,0.6253,0.5929,0.6087,0.6694,0.7449,0.7051,最新数据评测.xlsx,cutesv调参,98,NA,NA,NA,NA,NA,NA,NA,NA,NA,NA,NA,NA,NA
cutesv_round1_fullfactor.csv,BGI,50,GRCh38,minimap2,10,10,1000,0.5,100,0.3,0.9242,0.6969,0.7946,0.9676,0.8315,0.8944,最新数据评测.xlsx,cutesv调参,99,NA,NA,NA,NA,NA,NA,NA,NA,NA,NA,NA,NA,NA
cutesv_round1_fullfactor.csv,BGI,50,GRCh38,minimap2,10,10,1000,0.5,100,0.5,0.919,0.6927,0.79,0.9646,0.8267,0.8903,最新数据评测.xlsx,cutesv调参,100,NA,NA,NA,NA,NA,NA,NA,NA,NA,NA,NA,NA,NA
cutesv_round1_fullfactor.csv,BGI,50,GRCh38,minimap2,10,10,1000,0.5,100,0.9,0.9115,0.6863,0.7831,0.9602,0.8212,0.8853,最新数据评测.xlsx,cutesv调参,101,NA,NA,NA,NA,NA,NA,NA,NA,NA,NA,NA,NA,NA
cutesv_round1_fullfactor.csv,BGI,50,GRCh38,minimap2,10,10,1000,0.5,500,0.3,0.9044,0.674,0.7724,0.9418,0.8161,0.8745,最新数据评测.xlsx,cutesv调参,102,NA,NA,NA,NA,NA,NA,NA,NA,NA,NA,NA,NA,NA
cutesv_round1_fullfactor.csv,BGI,50,GRCh38,minimap2,10,10,1000,0.5,500,0.5,0.8583,0.6651,0.7495,0.8966,0.8066,0.8492,最新数据评测.xlsx,cutesv调参,103,NA,NA,NA,NA,NA,NA,NA,NA,NA,NA,NA,NA,NA
cutesv_round1_fullfactor.csv,BGI,50,GRCh38,minimap2,10,10,1000,0.5,500,0.9,0.7666,0.6544,0.706,0.8089,0.8008,0.8048,最新数据评测.xlsx,cutesv调参,104,NA,NA,NA,NA,NA,NA,NA,NA,NA,NA,NA,NA,NA
cutesv_round1_fullfactor.csv,BGI,50,GRCh38,minimap2,10,10,1000,0.5,1000,0.3,0.8416,0.6232,0.7161,0.8837,0.7731,0.8247,最新数据评测.xlsx,cutesv调参,105,NA,NA,NA,NA,NA,NA,NA,NA,NA,NA,NA,NA,NA
cutesv_round1_fullfactor.csv,BGI,50,GRCh38,minimap2,10,10,1000,0.5,1000,0.5,0.7598,0.6042,0.6731,0.8034,0.7551,0.7785,最新数据评测.xlsx,cutesv调参,106,NA,NA,NA,NA,NA,NA,NA,NA,NA,NA,NA,NA,NA
cutesv_round1_fullfactor.csv,BGI,50,GRCh38,minimap2,10,10,1000,0.5,1000,0.9,0.6172,0.5825,0.5994,0.6624,0.7375,0.6979,最新数据评测.xlsx,cutesv调参,107,NA,NA,NA,NA,NA,NA,NA,NA,NA,NA,NA,NA,NA
cutesv_round1_fullfactor.csv,BGI,50,GRCh38,minimap2,10,10,1000,0.9,100,0.3,0.9155,0.6808,0.7809,0.9618,0.8204,0.8855,最新数据评测.xlsx,cutesv调参,108,NA,NA,NA,NA,NA,NA,NA,NA,NA,NA,NA,NA,NA
cutesv_round1_fullfactor.csv,BGI,50,GRCh38,minimap2,10,10,1000,0.9,100,0.5,0.9101,0.6767,0.7762,0.959,0.8165,0.882,最新数据评测.xlsx,cutesv调参,109,NA,NA,NA,NA,NA,NA,NA,NA,NA,NA,NA,NA,NA
cutesv_round1_fullfactor.csv,BGI,50,GRCh38,minimap2,10,10,1000,0.9,100,0.9,0.9025,0.6703,0.7692,0.9544,0.8103,0.8765,最新数据评测.xlsx,cutesv调参,110,NA,NA,NA,NA,NA,NA,NA,NA,NA,NA,NA,NA,NA
cutesv_round1_fullfactor.csv,BGI,50,GRCh38,minimap2,10,10,1000,0.9,500,0.3,0.8951,0.6579,0.7584,0.9356,0.8061,0.866,最新数据评测.xlsx,cutesv调参,111,NA,NA,NA,NA,NA,NA,NA,NA,NA,NA,NA,NA,NA
cutesv_round1_fullfactor.csv,BGI,50,GRCh38,minimap2,10,10,1000,0.9,500,0.5,0.8484,0.6491,0.7355,0.8896,0.7966,0.8405,最新数据评测.xlsx,cutesv调参,112,NA,NA,NA,NA,NA,NA,NA,NA,NA,NA,NA,NA,NA
cutesv_round1_fullfactor.csv,BGI,50,GRCh38,minimap2,10,10,1000,0.9,500,0.9,0.756,0.6383,0.6922,0.8006,0.7891,0.7948,最新数据评测.xlsx,cutesv调参,113,NA,NA,NA,NA,NA,NA,NA,NA,NA,NA,NA,NA,NA
cutesv_round1_fullfactor.csv,BGI,50,GRCh38,minimap2,10,10,1000,0.9,1000,0.3,0.831,0.6071,0.7016,0.8762,0.7632,0.8158,最新数据评测.xlsx,cutesv调参,114,NA,NA,NA,NA,NA,NA,NA,NA,NA,NA,NA,NA,NA
cutesv_round1_fullfactor.csv,BGI,50,GRCh38,minimap2,10,10,1000,0.9,1000,0.5,0.7483,0.5881,0.6586,0.7946,0.7452,0.7691,最新数据评测.xlsx,cutesv调参,115,NA,NA,NA,NA,NA,NA,NA,NA,NA,NA,NA,NA,NA
cutesv_round1_fullfactor.csv,BGI,50,GRCh38,minimap2,10,10,1000,0.9,1000,0.9,0.6053,0.5665,0.5852,0.6518,0.7251,0.6865,最新数据评测.xlsx,cutesv调参,116,NA,NA,NA,NA,NA,NA,NA,NA,NA,NA,NA,NA,NA
cutesv_round1_fullfactor.csv,BGI,50,GRCh38,minimap2,10,20,100,0.3,100,0.3,0.9266,0.7191,0.8098,0.9702,0.8395,0.9002,最新数据评测.xlsx,cutesv调参,117,NA,NA,NA,NA,NA,NA,NA,NA,NA,NA,NA,NA,NA
cutesv_round1_fullfactor.csv,BGI,50,GRCh38,minimap2,10,20,100,0.3,100,0.5,0.9217,0.7149,0.8052,0.9677,0.8366,0.8973,最新数据评测.xlsx,cutesv调参,118,NA,NA,NA,NA,NA,NA,NA,NA,NA,NA,NA,NA,NA
cutesv_round1_fullfactor.csv,BGI,50,GRCh38,minimap2,10,20,100,0.3,100,0.9,0.9145,0.7086,0.7985,0.9643,0.8318,0.8932,最新数据评测.xlsx,cutesv调参,119,NA,NA,NA,NA,NA,NA,NA,NA,NA,NA,NA,NA,NA
cutesv_round1_fullfactor.csv,BGI,50,GRCh38,minimap2,10,20,100,0.3,500,0.3,0.9074,0.6963,0.788,0.9462,0.825,0.8815,最新数据评测.xlsx,cutesv调参,120,NA,NA,NA,NA,NA,NA,NA,NA,NA,NA,NA,NA,NA
cutesv_round1_fullfactor.csv,BGI,50,GRCh38,minimap2,10,20,100,0.3,500,0.5,0.8633,0.6874,0.7654,0.9031,0.8175,0.8582,最新数据评测.xlsx,cutesv调参,121,NA,NA,NA,NA,NA,NA,NA,NA,NA,NA,NA,NA,NA
cutesv_round1_fullfactor.csv,BGI,50,GRCh38,minimap2,10,20,100,0.3,500,0.9,0.7746,0.6767,0.7223,0.8181,0.8125,0.8153,最新数据评测.xlsx,cutesv调参,122,NA,NA,NA,NA,NA,NA,NA,NA,NA,NA,NA,NA,NA
cutesv_round1_fullfactor.csv,BGI,50,GRCh38,minimap2,10,20,100,0.3,1000,0.3,0.8475,0.6457,0.7329,0.8911,0.7802,0.832,最新数据评测.xlsx,cutesv调参,123,NA,NA,NA,NA,NA,NA,NA,NA,NA,NA,NA,NA,NA
cutesv_round1_fullfactor.csv,BGI,50,GRCh38,minimap2,10,20,100,0.3,1000,0.5,0.7687,0.6267,0.6905,0.814,0.7649,0.7887,最新数据评测.xlsx,cutesv调参,124,NA,NA,NA,NA,NA,NA,NA,NA,NA,NA,NA,NA,NA
cutesv_round1_fullfactor.csv,BGI,50,GRCh38,minimap2,10,20,100,0.3,1000,0.9,0.6292,0.605,0.6169,0.6761,0.7487,0.7105,最新数据评测.xlsx,cutesv调参,125,NA,NA,NA,NA,NA,NA,NA,NA,NA,NA,NA,NA,NA
cutesv_round1_fullfactor.csv,BGI,50,GRCh38,minimap2,10,20,100,0.5,100,0.3,0.9227,0.7114,0.8034,0.9686,0.8347,0.8967,最新数据评测.xlsx,cutesv调参,126,NA,NA,NA,NA,NA,NA,NA,NA,NA,NA,NA,NA,NA
cutesv_round1_fullfactor.csv,BGI,50,GRCh38,minimap2,10,20,100,0.5,100,0.5,0.9177,0.7071,0.7988,0.9661,0.831,0.8935,最新数据评测.xlsx,cutesv调参,127,NA,NA,NA,NA,NA,NA,NA,NA,NA,NA,NA,NA,NA
cutesv_round1_fullfactor.csv,BGI,50,GRCh38,minimap2,10,20,100,0.5,100,0.9,0.9104,0.7009,0.792,0.9622,0.8273,0.8897,最新数据评测.xlsx,cutesv调参,128,NA,NA,NA,NA,NA,NA,NA,NA,NA,NA,NA,NA,NA
cutesv_round1_fullfactor.csv,BGI,50,GRCh38,minimap2,10,20,100,0.5,500,0.3,0.9032,0.6886,0.7814,0.9437,0.8197,0.8774,最新数据评测.xlsx,cutesv调参,129,NA,NA,NA,NA,NA,NA,NA,NA,NA,NA,NA,NA,NA
cutesv_round1_fullfactor.csv,BGI,50,GRCh38,minimap2,10,20,100,0.5,500,0.5,0.8585,0.6797,0.7587,0.9005,0.8114,0.8537,最新数据评测.xlsx,cutesv调参,130,NA,NA,NA,NA,NA,NA,NA,NA,NA,NA,NA,NA,NA
cutesv_round1_fullfactor.csv,BGI,50,GRCh38,minimap2,10,20,100,0.5,500,0.9,0.769,0.669,0.7155,0.8141,0.8062,0.8101,最新数据评测.xlsx,cutesv调参,131,NA,NA,NA,NA,NA,NA,NA,NA,NA,NA,NA,NA,NA
cutesv_round1_fullfactor.csv,BGI,50,GRCh38,minimap2,10,20,100,0.5,1000,0.3,0.8423,0.6379,0.726,0.8873,0.7747,0.8272,最新数据评测.xlsx,cutesv调参,132,NA,NA,NA,NA,NA,NA,NA,NA,NA,NA,NA,NA,NA
cutesv_round1_fullfactor.csv,BGI,50,GRCh38,minimap2,10,20,100,0.5,1000,0.5,0.7626,0.619,0.6834,0.8095,0.7585,0.7832,最新数据评测.xlsx,cutesv调参,133,NA,NA,NA,NA,NA,NA,NA,NA,NA,NA,NA,NA,NA
cutesv_round1_fullfactor.csv,BGI,50,GRCh38,minimap2,10,20,100,0.5,1000,0.9,0.6223,0.5973,0.6096,0.6703,0.7431,0.7048,最新数据评测.xlsx,cutesv调参,134,NA,NA,NA,NA,NA,NA,NA,NA,NA,NA,NA,NA,NA
cutesv_round1_fullfactor.csv,BGI,50,GRCh38,minimap2,10,20,100,0.9,100,0.3,0.9135,0.6977,0.7911,0.9631,0.8282,0.8906,最新数据评测.xlsx,cutesv调参,135,NA,NA,NA,NA,NA,NA,NA,NA,NA,NA,NA,NA,NA
cutesv_round1_fullfactor.csv,BGI,50,GRCh38,minimap2,10,20,100,0.9,100,0.5,0.9084,0.6935,0.7865,0.9608,0.825,0.8877,最新数据评测.xlsx,cutesv调参,136,NA,NA,NA,NA,NA,NA,NA,NA,NA,NA,NA,NA,NA
cutesv_round1_fullfactor.csv,BGI,50,GRCh38,minimap2,10,20,100,0.9,100,0.9,0.901,0.6872,0.7797,0.9572,0.8217,0.8843,最新数据评测.xlsx,cutesv调参,137,NA,NA,NA,NA,NA,NA,NA,NA,NA,NA,NA,NA,NA
cutesv_round1_fullfactor.csv,BGI,50,GRCh38,minimap2,10,20,100,0.9,500,0.3,0.8935,0.67490000000000006,0.769,0.9378,0.8123,0.8706,最新数据评测.xlsx,cutesv调参,138,NA,NA,NA,NA,NA,NA,NA,NA,NA,NA,NA,NA,NA
cutesv_round1_fullfactor.csv,BGI,50,GRCh38,minimap2,10,20,100,0.9,500,0.5,0.8485,0.666,0.7463,0.8944,0.8061,0.848,最新数据评测.xlsx,cutesv调参,139,NA,NA,NA,NA,NA,NA,NA,NA,NA,NA,NA,NA,NA
cutesv_round1_fullfactor.csv,BGI,50,GRCh38,minimap2,10,20,100,0.9,500,0.9,0.7587,0.6553,0.7032,0.8071,0.8,0.8035,最新数据评测.xlsx,cutesv调参,140,NA,NA,NA,NA,NA,NA,NA,NA,NA,NA,NA,NA,NA
cutesv_round1_fullfactor.csv,BGI,50,GRCh38,minimap2,10,20,100,0.9,1000,0.3,0.8316,0.6242,0.7132,0.881,0.7688,0.8211,最新数据评测.xlsx,cutesv调参,141,NA,NA,NA,NA,NA,NA,NA,NA,NA,NA,NA,NA,NA
cutesv_round1_fullfactor.csv,BGI,50,GRCh38,minimap2,10,20,100,0.9,1000,0.5,0.7515,0.6053,0.6705,0.8022,0.7519,0.7762,最新数据评测.xlsx,cutesv调参,142,NA,NA,NA,NA,NA,NA,NA,NA,NA,NA,NA,NA,NA
cutesv_round1_fullfactor.csv,BGI,50,GRCh38,minimap2,10,20,100,0.9,1000,0.9,0.6112,0.5836,0.5971,0.6621,0.7355,0.6969,最新数据评测.xlsx,cutesv调参,143,NA,NA,NA,NA,NA,NA,NA,NA,NA,NA,NA,NA,NA
cutesv_round1_fullfactor.csv,BGI,50,GRCh38,minimap2,10,20,500,0.3,100,0.3,0.9292,0.7093,0.8045,0.97,0.8363,0.8982,最新数据评测.xlsx,cutesv调参,144,NA,NA,NA,NA,NA,NA,NA,NA,NA,NA,NA,NA,NA
cutesv_round1_fullfactor.csv,BGI,50,GRCh38,minimap2,10,20,500,0.3,100,0.5,0.9242,0.705,0.79990000000000006,0.9672,0.8319,0.8944,最新数据评测.xlsx,cutesv调参,145,NA,NA,NA,NA,NA,NA,NA,NA,NA,NA,NA,NA,NA
cutesv_round1_fullfactor.csv,BGI,50,GRCh38,minimap2,10,20,500,0.3,100,0.9,0.9169,0.6987,0.7931,0.9636,0.8277,0.8905,最新数据评测.xlsx,cutesv调参,146,NA,NA,NA,NA,NA,NA,NA,NA,NA,NA,NA,NA,NA
cutesv_round1_fullfactor.csv,BGI,50,GRCh38,minimap2,10,20,500,0.3,500,0.3,0.9097,0.6865,0.7825,0.9455,0.8233,0.8802,最新数据评测.xlsx,cutesv调参,147,NA,NA,NA,NA,NA,NA,NA,NA,NA,NA,NA,NA,NA
cutesv_round1_fullfactor.csv,BGI,50,GRCh38,minimap2,10,20,500,0.3,500,0.5,0.8646,0.6775,0.7597,0.9014,0.8153,0.8562,最新数据评测.xlsx,cutesv调参,148,NA,NA,NA,NA,NA,NA,NA,NA,NA,NA,NA,NA,NA
cutesv_round1_fullfactor.csv,BGI,50,GRCh38,minimap2,10,20,500,0.3,500,0.9,0.7742,0.6668,0.7165,0.8147,0.809,0.8118,最新数据评测.xlsx,cutesv调参,149,NA,NA,NA,NA,NA,NA,NA,NA,NA,NA,NA,NA,NA
cutesv_round1_fullfactor.csv,BGI,50,GRCh38,minimap2,10,20,500,0.3,1000,0.3,0.8486,0.6358,0.727,0.8887,0.7769,0.8291,最新数据评测.xlsx,cutesv调参,150,NA,NA,NA,NA,NA,NA,NA,NA,NA,NA,NA,NA,NA
cutesv_round1_fullfactor.csv,BGI,50,GRCh38,minimap2,10,20,500,0.3,1000,0.5,0.7682,0.6169,0.6843,0.8104,0.7616,0.7852,最新数据评测.xlsx,cutesv调参,151,NA,NA,NA,NA,NA,NA,NA,NA,NA,NA,NA,NA,NA
cutesv_round1_fullfactor.csv,BGI,50,GRCh38,minimap2,10,20,500,0.3,1000,0.9,0.6265,0.5952,0.6104,0.671,0.7457,0.7064,最新数据评测.xlsx,cutesv调参,152,NA,NA,NA,NA,NA,NA,NA,NA,NA,NA,NA,NA,NA
cutesv_round1_fullfactor.csv,BGI,50,GRCh38,minimap2,10,20,500,0.5,100,0.3,0.9254,0.6993,0.7966,0.9682,0.8289,0.8932,最新数据评测.xlsx,cutesv调参,153,NA,NA,NA,NA,NA,NA,NA,NA,NA,NA,NA,NA,NA
cutesv_round1_fullfactor.csv,BGI,50,GRCh38,minimap2,10,20,500,0.5,100,0.5,0.9203,0.6951,0.792,0.9655,0.8256,0.8901,最新数据评测.xlsx,cutesv调参,154,NA,NA,NA,NA,NA,NA,NA,NA,NA,NA,NA,NA,NA
cutesv_round1_fullfactor.csv,BGI,50,GRCh38,minimap2,10,20,500,0.5,100,0.9,0.9129,0.6888,0.7852,0.9612,0.8203,0.8852,最新数据评测.xlsx,cutesv调参,155,NA,NA,NA,NA,NA,NA,NA,NA,NA,NA,NA,NA,NA
cutesv_round1_fullfactor.csv,BGI,50,GRCh38,minimap2,10,20,500,0.5,500,0.3,0.9055,0.6765,0.7744,0.9426,0.8147,0.874,最新数据评测.xlsx,cutesv调参,156,NA,NA,NA,NA,NA,NA,NA,NA,NA,NA,NA,NA,NA
cutesv_round1_fullfactor.csv,BGI,50,GRCh38,minimap2,10,20,500,0.5,500,0.5,0.8598,0.6676,0.7516,0.8981,0.8067,0.8499,最新数据评测.xlsx,cutesv调参,157,NA,NA,NA,NA,NA,NA,NA,NA,NA,NA,NA,NA,NA
cutesv_round1_fullfactor.csv,BGI,50,GRCh38,minimap2,10,20,500,0.5,500,0.9,0.7683,0.6569,0.7083,0.8106,0.8011,0.8058,最新数据评测.xlsx,cutesv调参,158,NA,NA,NA,NA,NA,NA,NA,NA,NA,NA,NA,NA,NA
cutesv_round1_fullfactor.csv,BGI,50,GRCh38,minimap2,10,20,500,0.5,1000,0.3,0.8432,0.6259,0.7185,0.885,0.7713,0.8242,最新数据评测.xlsx,cutesv调参,159,NA,NA,NA,NA,NA,NA,NA,NA,NA,NA,NA,NA,NA
cutesv_round1_fullfactor.csv,BGI,50,GRCh38,minimap2,10,20,500,0.5,1000,0.5,0.7617,0.607,0.6756,0.8053,0.754,0.7788,最新数据评测.xlsx,cutesv调参,160,NA,NA,NA,NA,NA,NA,NA,NA,NA,NA,NA,NA,NA
cutesv_round1_fullfactor.csv,BGI,50,GRCh38,minimap2,10,20,500,0.5,1000,0.9,0.619,0.5853,0.6017,0.6643,0.7379,0.6992,最新数据评测.xlsx,cutesv调参,161,NA,NA,NA,NA,NA,NA,NA,NA,NA,NA,NA,NA,NA
cutesv_round1_fullfactor.csv,BGI,50,GRCh38,minimap2,10,20,500,0.9,100,0.3,0.9171,0.684,0.7836,0.9628,0.8192,0.8852,最新数据评测.xlsx,cutesv调参,162,NA,NA,NA,NA,NA,NA,NA,NA,NA,NA,NA,NA,NA
cutesv_round1_fullfactor.csv,BGI,50,GRCh38,minimap2,10,20,500,0.9,100,0.5,0.9119,0.6798,0.7789,0.9604,0.8164,0.8826,最新数据评测.xlsx,cutesv调参,163,NA,NA,NA,NA,NA,NA,NA,NA,NA,NA,NA,NA,NA
cutesv_round1_fullfactor.csv,BGI,50,GRCh38,minimap2,10,20,500,0.9,100,0.9,0.9043,0.6735,0.772,0.9561,0.8103,0.8772,最新数据评测.xlsx,cutesv调参,164,NA,NA,NA,NA,NA,NA,NA,NA,NA,NA,NA,NA,NA
cutesv_round1_fullfactor.csv,BGI,50,GRCh38,minimap2,10,20,500,0.9,500,0.3,0.8967,0.6612,0.7611,0.9367,0.8044,0.8655,最新数据评测.xlsx,cutesv调参,165,NA,NA,NA,NA,NA,NA,NA,NA,NA,NA,NA,NA,NA
cutesv_round1_fullfactor.csv,BGI,50,GRCh38,minimap2,10,20,500,0.9,500,0.5,0.8504,0.6523,0.7383,0.8915,0.7982,0.8423,最新数据评测.xlsx,cutesv调参,166,NA,NA,NA,NA,NA,NA,NA,NA,NA,NA,NA,NA,NA
cutesv_round1_fullfactor.csv,BGI,50,GRCh38,minimap2,10,20,500,0.9,500,0.9,0.7583,0.6416,0.6951,0.8028,0.7909,0.7968,最新数据评测.xlsx,cutesv调参,167,NA,NA,NA,NA,NA,NA,NA,NA,NA,NA,NA,NA,NA
cutesv_round1_fullfactor.csv,BGI,50,GRCh38,minimap2,10,20,500,0.9,1000,0.3,0.8331,0.6106,0.7047,0.8775,0.7614,0.8153,最新数据评测.xlsx,cutesv调参,168,NA,NA,NA,NA,NA,NA,NA,NA,NA,NA,NA,NA,NA
cutesv_round1_fullfactor.csv,BGI,50,GRCh38,minimap2,10,20,500,0.9,1000,0.5,0.7508,0.5916,0.6618,0.7965,0.7439,0.7693,最新数据评测.xlsx,cutesv调参,169,NA,NA,NA,NA,NA,NA,NA,NA,NA,NA,NA,NA,NA
cutesv_round1_fullfactor.csv,BGI,50,GRCh38,minimap2,10,20,500,0.9,1000,0.9,0.6076,0.5699,0.5882,0.6546,0.7266,0.6887,最新数据评测.xlsx,cutesv调参,170,NA,NA,NA,NA,NA,NA,NA,NA,NA,NA,NA,NA,NA
cutesv_round1_fullfactor.csv,BGI,50,GRCh38,minimap2,10,20,1000,0.3,100,0.3,0.9294,0.706,0.8024,0.97,0.8353,0.8976,最新数据评测.xlsx,cutesv调参,171,NA,NA,NA,NA,NA,NA,NA,NA,NA,NA,NA,NA,NA
cutesv_round1_fullfactor.csv,BGI,50,GRCh38,minimap2,10,20,1000,0.3,100,0.5,0.9244,0.7018,0.7978,0.9673,0.8314,0.8942,最新数据评测.xlsx,cutesv调参,172,NA,NA,NA,NA,NA,NA,NA,NA,NA,NA,NA,NA,NA
cutesv_round1_fullfactor.csv,BGI,50,GRCh38,minimap2,10,20,1000,0.3,100,0.9,0.9171,0.6955,0.791,0.9634,0.8263,0.8896,最新数据评测.xlsx,cutesv调参,173,NA,NA,NA,NA,NA,NA,NA,NA,NA,NA,NA,NA,NA
cutesv_round1_fullfactor.csv,BGI,50,GRCh38,minimap2,10,20,1000,0.3,500,0.3,0.9098,0.6832,0.7804,0.9449,0.8219,0.8792,最新数据评测.xlsx,cutesv调参,174,NA,NA,NA,NA,NA,NA,NA,NA,NA,NA,NA,NA,NA
cutesv_round1_fullfactor.csv,BGI,50,GRCh38,minimap2,10,20,1000,0.3,500,0.5,0.8645,0.6743,0.7576,0.9005,0.8132,0.8546,最新数据评测.xlsx,cutesv调参,175,NA,NA,NA,NA,NA,NA,NA,NA,NA,NA,NA,NA,NA
cutesv_round1_fullfactor.csv,BGI,50,GRCh38,minimap2,10,20,1000,0.3,500,0.9,0.7737,0.6636,0.7144,0.814,0.8075,0.8107,最新数据评测.xlsx,cutesv调参,176,NA,NA,NA,NA,NA,NA,NA,NA,NA,NA,NA,NA,NA
cutesv_round1_fullfactor.csv,BGI,50,GRCh38,minimap2,10,20,1000,0.3,1000,0.3,0.8484,0.6325,0.7247,0.8883,0.7765,0.8287,最新数据评测.xlsx,cutesv调参,177,NA,NA,NA,NA,NA,NA,NA,NA,NA,NA,NA,NA,NA
cutesv_round1_fullfactor.csv,BGI,50,GRCh38,minimap2,10,20,1000,0.3,1000,0.5,0.7676,0.6136,0.682,0.8097,0.7607,0.7844,最新数据评测.xlsx,cutesv调参,178,NA,NA,NA,NA,NA,NA,NA,NA,NA,NA,NA,NA,NA
cutesv_round1_fullfactor.csv,BGI,50,GRCh38,minimap2,10,20,1000,0.3,1000,0.9,0.6255,0.5919,0.6083,0.6701,0.7459,0.7059,最新数据评测.xlsx,cutesv调参,179,NA,NA,NA,NA,NA,NA,NA,NA,NA,NA,NA,NA,NA
cutesv_round1_fullfactor.csv,BGI,50,GRCh38,minimap2,10,20,1000,0.5,100,0.3,0.9247,0.6956,0.794,0.9682,0.829,0.8932,最新数据评测.xlsx,cutesv调参,180,NA,NA,NA,NA,NA,NA,NA,NA,NA,NA,NA,NA,NA
cutesv_round1_fullfactor.csv,BGI,50,GRCh38,minimap2,10,20,1000,0.5,100,0.5,0.9196,0.6914,0.7893,0.9655,0.8253,0.8899,最新数据评测.xlsx,cutesv调参,181,NA,NA,NA,NA,NA,NA,NA,NA,NA,NA,NA,NA,NA
cutesv_round1_fullfactor.csv,BGI,50,GRCh38,minimap2,10,20,1000,0.5,100,0.9,0.9121,0.6851,0.7825,0.961,0.8197,0.8847,最新数据评测.xlsx,cutesv调参,182,NA,NA,NA,NA,NA,NA,NA,NA,NA,NA,NA,NA,NA
cutesv_round1_fullfactor.csv,BGI,50,GRCh38,minimap2,10,20,1000,0.5,500,0.3,0.9047,0.6728,0.7717,0.9423,0.8138,0.8733,最新数据评测.xlsx,cutesv调参,183,NA,NA,NA,NA,NA,NA,NA,NA,NA,NA,NA,NA,NA
cutesv_round1_fullfactor.csv,BGI,50,GRCh38,minimap2,10,20,1000,0.5,500,0.5,0.8588,0.6639,0.7489,0.8972,0.8049,0.8485,最新数据评测.xlsx,cutesv调参,184,NA,NA,NA,NA,NA,NA,NA,NA,NA,NA,NA,NA,NA
cutesv_round1_fullfactor.csv,BGI,50,GRCh38,minimap2,10,20,1000,0.5,500,0.9,0.7671,0.6532,0.7056,0.8095,0.7992,0.8043,最新数据评测.xlsx,cutesv调参,185,NA,NA,NA,NA,NA,NA,NA,NA,NA,NA,NA,NA,NA
cutesv_round1_fullfactor.csv,BGI,50,GRCh38,minimap2,10,20,1000,0.5,1000,0.3,0.8421,0.6222,0.7156,0.8844,0.7701,0.8233,最新数据评测.xlsx,cutesv调参,186,NA,NA,NA,NA,NA,NA,NA,NA,NA,NA,NA,NA,NA
cutesv_round1_fullfactor.csv,BGI,50,GRCh38,minimap2,10,20,1000,0.5,1000,0.5,0.7604,0.6032,0.6727,0.8042,0.7523,0.7774,最新数据评测.xlsx,cutesv调参,187,NA,NA,NA,NA,NA,NA,NA,NA,NA,NA,NA,NA,NA
cutesv_round1_fullfactor.csv,BGI,50,GRCh38,minimap2,10,20,1000,0.5,1000,0.9,0.6173,0.5815,0.5989,0.6629,0.7356,0.6973,最新数据评测.xlsx,cutesv调参,188,NA,NA,NA,NA,NA,NA,NA,NA,NA,NA,NA,NA,NA
cutesv_round1_fullfactor.csv,BGI,50,GRCh38,minimap2,10,20,1000,0.9,100,0.3,0.916,0.6796,0.7803,0.9624,0.8173,0.8839,最新数据评测.xlsx,cutesv调参,189,NA,NA,NA,NA,NA,NA,NA,NA,NA,NA,NA,NA,NA
cutesv_round1_fullfactor.csv,BGI,50,GRCh38,minimap2,10,20,1000,0.9,100,0.5,0.9107,0.6753,0.7756,0.9596,0.8134,0.8805,最新数据评测.xlsx,cutesv调参,190,NA,NA,NA,NA,NA,NA,NA,NA,NA,NA,NA,NA,NA
cutesv_round1_fullfactor.csv,BGI,50,GRCh38,minimap2,10,20,1000,0.9,100,0.9,0.9031,0.669,0.7687,0.9553,0.808,0.8755,最新数据评测.xlsx,cutesv调参,191,NA,NA,NA,NA,NA,NA,NA,NA,NA,NA,NA,NA,NA
cutesv_round1_fullfactor.csv,BGI,50,GRCh38,minimap2,10,20,1000,0.9,500,0.3,0.8954,0.6568,0.7577,0.9362,0.8031,0.8645,最新数据评测.xlsx,cutesv调参,192,NA,NA,NA,NA,NA,NA,NA,NA,NA,NA,NA,NA,NA
cutesv_round1_fullfactor.csv,BGI,50,GRCh38,minimap2,10,20,1000,0.9,500,0.5,0.849,0.6479,0.7349,0.8904,0.7958,0.8405,最新数据评测.xlsx,cutesv调参,193,NA,NA,NA,NA,NA,NA,NA,NA,NA,NA,NA,NA,NA
cutesv_round1_fullfactor.csv,BGI,50,GRCh38,minimap2,10,20,1000,0.9,500,0.9,0.7566,0.6371,0.6918,0.8014,0.7888,0.795,最新数据评测.xlsx,cutesv调参,194,NA,NA,NA,NA,NA,NA,NA,NA,NA,NA,NA,NA,NA
cutesv_round1_fullfactor.csv,BGI,50,GRCh38,minimap2,10,20,1000,0.9,1000,0.3,0.8315,0.6061,0.7011,0.8768,0.7598,0.8142,最新数据评测.xlsx,cutesv调参,195,NA,NA,NA,NA,NA,NA,NA,NA,NA,NA,NA,NA,NA
cutesv_round1_fullfactor.csv,BGI,50,GRCh38,minimap2,10,20,1000,0.9,1000,0.5,0.7489,0.5872,0.6583,0.7952,0.7416,0.7675,最新数据评测.xlsx,cutesv调参,196,NA,NA,NA,NA,NA,NA,NA,NA,NA,NA,NA,NA,NA
cutesv_round1_fullfactor.csv,BGI,50,GRCh38,minimap2,10,20,1000,0.9,1000,0.9,0.6054,0.5655,0.5848,0.6524,0.724,0.6863,最新数据评测.xlsx,cutesv调参,197,NA,NA,NA,NA,NA,NA,NA,NA,NA,NA,NA,NA,NA
cutesv_round2_targeted.csv,NA,NA,NA,NA,5,20,100,0.3,100,0.3,0.9262,0.7282,0.8153,0.9702,0.8503,0.9063,最新数据评测.xlsx,cutesv调参(结果),10,1,R2_01_baseline_s5_q20,baseline,NA,NA,NA,NA,NA,NA,NA,NA,NA,NA
cutesv_round2_targeted.csv,NA,NA,NA,NA,3,20,100,0.3,100,0.3,0.92490000000000006,0.7331,0.8179,0.9705,0.8566,0.91,最新数据评测.xlsx,cutesv调参(结果),11,2,R2_02_support_s3_q20,support_finetune,NA,NA,NA,NA,NA,NA,NA,NA,NA,NA
cutesv_round2_targeted.csv,NA,NA,NA,NA,4,20,100,0.3,100,0.3,0.9255,0.731,0.8168,0.9704,0.8544,0.9087,最新数据评测.xlsx,cutesv调参(结果),12,3,R2_03_support_s4_q20,support_finetune,NA,NA,NA,NA,NA,NA,NA,NA,NA,NA
cutesv_round2_targeted.csv,NA,NA,NA,NA,6,20,100,0.3,100,0.3,0.9262,0.727,0.8146,0.97,0.8485,0.9052,最新数据评测.xlsx,cutesv调参(结果),13,4,R2_04_support_s6_q20,support_finetune,NA,NA,NA,NA,NA,NA,NA,NA,NA,NA
cutesv_round2_targeted.csv,NA,NA,NA,NA,8,20,100,0.3,100,0.3,0.9265,0.7235,0.8125,0.9702,0.8451,0.9033,最新数据评测.xlsx,cutesv调参(结果),14,5,R2_05_support_s8_q20,support_finetune,NA,NA,NA,NA,NA,NA,NA,NA,NA,NA
cutesv_round2_targeted.csv,NA,NA,NA,NA,5,20,50,0.3,50,0.3,0.9132,0.732,0.8126,0.9648,0.8462,0.9016,最新数据评测.xlsx,cutesv调参(结果),15,6,R2_06_bias_50_50_q20,bias_linked,NA,NA,NA,NA,NA,NA,NA,NA,NA,NA
cutesv_round2_targeted.csv,NA,NA,NA,NA,5,20,200,0.3,200,0.3,0.9327,0.7143,0.809,0.97,0.8432,0.9022,最新数据评测.xlsx,cutesv调参(结果),16,7,R2_07_bias_200_200_q20,bias_linked,NA,NA,NA,NA,NA,NA,NA,NA,NA,NA
cutesv_round2_targeted.csv,NA,NA,NA,NA,5,20,100,0.2,100,0.2,0.9263,0.7282,0.8154,0.9704,0.8492,0.9058,最新数据评测.xlsx,cutesv调参(结果),17,8,R2_08_ratio_0p2_0p2_q20,ratio_linked,NA,NA,NA,NA,NA,NA,NA,NA,NA,NA
cutesv_round2_targeted.csv,NA,NA,NA,NA,5,20,100,0.4,100,0.4,0.9221,0.7244,0.8114,0.9686,0.846,0.9032,最新数据评测.xlsx,cutesv调参(结果),18,9,R2_09_ratio_0p4_0p4_q20,ratio_linked,NA,NA,NA,NA,NA,NA,NA,NA,NA,NA
cutesv_round2_targeted.csv,NA,NA,NA,NA,5,20,50,0.3,100,0.3,0.9158,0.7326,0.814,0.9656,0.8488,0.9035,最新数据评测.xlsx,cutesv调参(结果),19,10,R2_10_asym_INS50_DEL100_q20,asymmetric_bias,NA,NA,NA,NA,NA,NA,NA,NA,NA,NA
cutesv_round2_targeted.csv,NA,NA,NA,NA,5,20,100,0.3,50,0.3,0.9234,0.7276,0.8139,0.9691,0.847,0.9039,最新数据评测.xlsx,cutesv调参(结果),20,11,R2_11_asym_INS100_DEL50_q20,asymmetric_bias,NA,NA,NA,NA,NA,NA,NA,NA,NA,NA
cutesv_round2_targeted.csv,NA,NA,NA,NA,5,20,200,0.3,100,0.3,0.9288,0.7214,0.8121,0.9701,0.8459,0.9038,最新数据评测.xlsx,cutesv调参(结果),21,12,R2_12_asym_INS200_DEL100_q20,asymmetric_bias,NA,NA,NA,NA,NA,NA,NA,NA,NA,NA
cutesv_round2_targeted.csv,NA,NA,NA,NA,5,20,100,0.3,200,0.3,0.93,0.721,0.8123,0.9705,0.846,0.904,最新数据评测.xlsx,cutesv调参(结果),22,13,R2_13_asym_INS100_DEL200_q20,asymmetric_bias,NA,NA,NA,NA,NA,NA,NA,NA,NA,NA
cutesv_round2_targeted.csv,NA,NA,NA,NA,5,10,100,0.3,100,0.3,0.9258,0.7295,0.816,0.9695,0.8515,0.9067,最新数据评测.xlsx,cutesv调参(结果),23,14,R2_14_mapq_s5_q10,mapq_sensitivity,NA,NA,NA,NA,NA,NA,NA,NA,NA,NA
cutesv_hifi_wholegenome.csv,NA,10,GRCh38,minimap2,NA,NA,NA,NA,NA,NA,NA,NA,NA,NA,NA,NA,最新数据评测.xlsx,cuteSV-HiFi,3,NA,NA,NA,Previous,0.9418,0.6535,0.7716,GIAB v5.0q,NA,NA,NA,NA,NA
cutesv_hifi_wholegenome.csv,NA,10,GRCh38,minimap2,NA,NA,NA,NA,NA,NA,NA,NA,NA,NA,NA,NA,最新数据评测.xlsx,cuteSV-HiFi,4,NA,NA,NA,HiFi-specific,0.9527,0.6253,0.755,GIAB v5.0q,NA,NA,NA,NA,NA
cutesv_hifi_wholegenome.csv,NA,30,GRCh38,minimap2,NA,NA,NA,NA,NA,NA,NA,NA,NA,NA,NA,NA,最新数据评测.xlsx,cuteSV-HiFi,5,NA,NA,NA,Previous,0.9413,0.6863,0.7939,GIAB v5.0q,NA,NA,NA,NA,NA
cutesv_hifi_wholegenome.csv,NA,30,GRCh38,minimap2,NA,NA,NA,NA,NA,NA,NA,NA,NA,NA,NA,NA,最新数据评测.xlsx,cuteSV-HiFi,6,NA,NA,NA,HiFi-specific,0.9502,0.6456,0.7688,GIAB v5.0q,NA,NA,NA,NA,NA
cutesv_hifi_wholegenome.csv,NA,50,GRCh38,minimap2,NA,NA,NA,NA,NA,NA,NA,NA,NA,NA,NA,NA,最新数据评测.xlsx,cuteSV-HiFi,7,NA,NA,NA,Previous,0.938,0.7545,0.8363,GIAB v5.0q,NA,NA,NA,NA,NA
cutesv_hifi_wholegenome.csv,NA,50,GRCh38,minimap2,NA,NA,NA,NA,NA,NA,NA,NA,NA,NA,NA,NA,最新数据评测.xlsx,cuteSV-HiFi,8,NA,NA,NA,HiFi-specific,0.9475,0.6939,0.8011,GIAB v5.0q,NA,NA,NA,NA,NA
cutesv_hifi_callcount.csv,NA,10,NA,NA,NA,NA,NA,NA,NA,NA,NA,NA,NA,NA,NA,NA,最新数据评测.xlsx,cuteSV-HiFi,23,NA,NA,NA,Previous,NA,NA,NA,NA,25211,NA,NA,NA,NA
cutesv_hifi_callcount.csv,NA,10,NA,NA,NA,NA,NA,NA,NA,NA,NA,NA,NA,NA,NA,NA,最新数据评测.xlsx,cuteSV-HiFi,23,NA,NA,NA,HiFi-specific,NA,NA,NA,NA,20777,NA,NA,NA,NA
cutesv_hifi_callcount.csv,NA,30,NA,NA,NA,NA,NA,NA,NA,NA,NA,NA,NA,NA,NA,NA,最新数据评测.xlsx,cuteSV-HiFi,24,NA,NA,NA,Previous,NA,NA,NA,NA,25193,NA,NA,NA,NA
cutesv_hifi_callcount.csv,NA,30,NA,NA,NA,NA,NA,NA,NA,NA,NA,NA,NA,NA,NA,NA,最新数据评测.xlsx,cuteSV-HiFi,24,NA,NA,NA,HiFi-specific,NA,NA,NA,NA,20687,NA,NA,NA,NA
cutesv_hifi_callcount.csv,NA,50,NA,NA,NA,NA,NA,NA,NA,NA,NA,NA,NA,NA,NA,NA,最新数据评测.xlsx,cuteSV-HiFi,25,NA,NA,NA,Previous,NA,NA,NA,NA,30038,NA,NA,NA,NA
cutesv_hifi_callcount.csv,NA,50,NA,NA,NA,NA,NA,NA,NA,NA,NA,NA,NA,NA,NA,NA,最新数据评测.xlsx,cuteSV-HiFi,25,NA,NA,NA,HiFi-specific,NA,NA,NA,NA,23662,NA,NA,NA,NA
sniffles2_matrix_50x.csv,BGI,50,GRCh38,minimap2,NA,10,NA,NA,NA,NA,0.9247,0.7198,0.8095,0.9593,0.8518,0.9024,最新数据评测.xlsx,Sniffles2调参,20,NA,NA,NA,NA,NA,NA,NA,NA,NA,0.05,0.9167,0.8111,0.8606
sniffles2_matrix_50x.csv,BGI,50,GRCh38,minimap2,NA,20,NA,NA,NA,NA,0.9252,0.7182,0.8086,0.9596,0.8489,0.9009,最新数据评测.xlsx,Sniffles2调参,21,NA,NA,NA,NA,NA,NA,NA,NA,NA,0.05,0.9162,0.8065,0.8578
sniffles2_matrix_50x.csv,BGI,50,GRCh38,minimap2,NA,30,NA,NA,NA,NA,0.9255,0.7174,0.8083,0.9594,0.848,0.9003,最新数据评测.xlsx,Sniffles2调参,22,NA,NA,NA,NA,NA,NA,NA,NA,NA,0.05,0.9158,0.8018,0.855
sniffles2_matrix_50x.csv,BGI,50,GRCh38,minimap2,NA,10,NA,NA,NA,NA,0.92490000000000006,0.719,0.8091,0.9592,0.8516,0.9022,最新数据评测.xlsx,Sniffles2调参,23,NA,NA,NA,NA,NA,NA,NA,NA,NA,0.1,0.9215,0.8111,0.8627
sniffles2_matrix_50x.csv,BGI,50,GRCh38,minimap2,NA,20,NA,NA,NA,NA,0.9253,0.7173,0.8082,0.9597,0.8496,0.9013,最新数据评测.xlsx,Sniffles2调参,24,NA,NA,NA,NA,NA,NA,NA,NA,NA,0.1,0.9211,0.8065,0.86
sniffles2_matrix_50x.csv,BGI,50,GRCh38,minimap2,NA,30,NA,NA,NA,NA,0.9255,0.7165,0.8077,0.9595,0.8516,0.9023,最新数据评测.xlsx,Sniffles2调参,25,NA,NA,NA,NA,NA,NA,NA,NA,NA,0.1,0.9206,0.8018,0.8571
sniffles2_matrix_50x.csv,BGI,50,GRCh38,minimap2,NA,10,NA,NA,NA,NA,0.925,0.7162,0.8073,0.9592,0.8484,0.9004,最新数据评测.xlsx,Sniffles2调参,26,NA,NA,NA,NA,NA,NA,NA,NA,NA,0.15,0.9211,0.8065,0.86
sniffles2_matrix_50x.csv,BGI,50,GRCh38,minimap2,NA,20,NA,NA,NA,NA,0.9254,0.7148,0.8066,0.9594,0.8494,0.9011,最新数据评测.xlsx,Sniffles2调参,27,NA,NA,NA,NA,NA,NA,NA,NA,NA,0.15,0.9206,0.8018,0.8571
sniffles2_matrix_50x.csv,BGI,50,GRCh38,minimap2,NA,30,NA,NA,NA,NA,0.9257,0.7143,0.8063,0.959,0.8506,0.9015,最新数据评测.xlsx,Sniffles2调参,28,NA,NA,NA,NA,NA,NA,NA,NA,NA,0.15,0.9202,0.7972,0.8543
sniffles2_cross_depth.csv,BGI,10,GRCh38,minimap2,NA,10,NA,NA,NA,NA,0.9233,0.6045,0.7306,NA,NA,0.872,最新数据评测.xlsx,Sniffles2调参,38,NA,NA,NA,NA,NA,NA,NA,NA,NA,0.1,NA,NA,0.7822
sniffles2_cross_depth.csv,BGI,10,GRCh38,minimap2,NA,20,NA,NA,NA,NA,0.9267,0.5962,0.7256,NA,NA,0.8749,最新数据评测.xlsx,Sniffles2调参,39,NA,NA,NA,NA,NA,NA,NA,NA,NA,0.1,NA,NA,0.7789
sniffles2_cross_depth.csv,BGI,30,GRCh38,minimap2,NA,10,NA,NA,NA,NA,0.9229,0.7124,0.8041,NA,NA,0.9036,最新数据评测.xlsx,Sniffles2调参,40,NA,NA,NA,NA,NA,NA,NA,NA,NA,0.1,NA,NA,0.8571
sniffles2_cross_depth.csv,BGI,30,GRCh38,minimap2,NA,20,NA,NA,NA,NA,0.9237,0.711,0.8035,NA,NA,0.9035,最新数据评测.xlsx,Sniffles2调参,41,NA,NA,NA,NA,NA,NA,NA,NA,NA,0.1,NA,NA,0.8515
sniffles2_cross_depth.csv,BGI,50,GRCh38,minimap2,NA,10,NA,NA,NA,NA,0.92490000000000006,0.719,0.8091,NA,NA,0.9022,最新数据评测.xlsx,Sniffles2调参,42,NA,NA,NA,NA,NA,NA,NA,NA,NA,0.1,NA,NA,0.8627
sniffles2_cross_depth.csv,BGI,50,GRCh38,minimap2,NA,20,NA,NA,NA,NA,0.9253,0.7173,0.8082,NA,NA,0.9013,最新数据评测.xlsx,Sniffles2调参,43,NA,NA,NA,NA,NA,NA,NA,NA,NA,0.1,NA,NA,0.86
